{"standings":[{"position":1,"team":"Racing de Santander","played":26,"won":14,"drawn":6,"lost":6,"goalDifference":"+12","goals":"40:28","last5":"PEPGPGPP","points":48},{"position":2,"team":"Huesca","played":26,"won":13,"drawn":7,"lost":6,"goalDifference":"+16","goals":"37:21","last5":"PGPEPGPG","points":46},{"position":3,"team":"Elche","played":26,"won":13,"drawn":7,"lost":6,"goalDifference":"+15","goals":"34:19","last5":"PGPEPPG","points":46},{"position":4,"team":"Mirand\u00e9s","played":26,"won":13,"drawn":6,"lost":7,"goalDifference":"+11","goals":"32:21","last5":"PPPGPE","points":45},{"position":5,"team":"Real Oviedo","played":26,"won":12,"drawn":8,"lost":6,"goalDifference":"+6","goals":"37:31","last5":"PEPGPEP","points":44},{"position":6,"team":"Almer\u00eda","played":26,"won":12,"drawn":8,"lost":6,"goalDifference":"+11","goals":"46:35","last5":"PGPEPP","points":44},{"position":7,"team":"Levante","played":26,"won":11,"drawn":10,"lost":5,"goalDifference":"+12","goals":"39:27","last5":"PEPGPPG","points":43},{"position":8,"team":"Granada","played":26,"won":11,"drawn":8,"lost":7,"goalDifference":"+11","goals":"42:31","last5":"PEPPGPG","points":41},{"position":9,"team":"Sporting","played":26,"won":9,"drawn":9,"lost":8,"goalDifference":"+4","goals":"34:30","last5":"PEPPE","points":36},{"position":10,"team":"Deportivo","played":26,"won":9,"drawn":8,"lost":9,"goalDifference":"+5","goals":"36:31","last5":"PGPPG","points":35},{"position":11,"team":"Real Zaragoza","played":26,"won":9,"drawn":7,"lost":10,"goalDifference":"+4","goals":"36:32","last5":"PPGPE","points":34},{"position":12,"team":"C\u00e1diz","played":26,"won":8,"drawn":10,"lost":8,"goalDifference":"+2","goals":"36:34","last5":"PEPGPG","points":34},{"position":13,"team":"Albacete","played":26,"won":8,"drawn":10,"lost":8,"goalDifference":"-3","goals":"33:36","last5":"PEPPG","points":34},{"position":14,"team":"Eibar","played":26,"won":9,"drawn":6,"lost":11,"goalDifference":"-3","goals":"24:27","last5":"PGPEP","points":33},{"position":15,"team":"C\u00f3rdoba","played":26,"won":9,"drawn":6,"lost":11,"goalDifference":"-8","goals":"33:41","last5":"PPGPGP","points":33},{"position":16,"team":"M\u00e1laga","played":26,"won":6,"drawn":14,"lost":6,"goalDifference":"-1","goals":"27:28","last5":"PEPPPE","points":32},{"position":17,"team":"Castell\u00f3n","played":26,"won":9,"drawn":5,"lost":12,"goalDifference":"-2","goals":"35:37","last5":"PPPPG","points":32},{"position":18,"team":"Burgos","played":25,"won":8,"drawn":6,"lost":11,"goalDifference":"-9","goals":"20:29","last5":"GPEPG","points":30},{"position":19,"team":"Eldense","played":26,"won":6,"drawn":7,"lost":13,"goalDifference":"-15","goals":"24:39","last5":"PPPGP","points":25},{"position":20,"team":"Racing de Ferrol","played":25,"won":4,"drawn":10,"lost":11,"goalDifference":"-21","goals":"16:37","last5":"PPPEP","points":22},{"position":21,"team":"CD Tenerife","played":26,"won":4,"drawn":7,"lost":15,"goalDifference":"-17","goals":"21:38","last5":"PEPPG","points":19},{"position":22,"team":"Cartagena","played":26,"won":4,"drawn":3,"lost":19,"goalDifference":"-30","goals":"17:47","last5":"PEPPPP","points":15}]}