{
    "seasonID": "2024",
    "id": 3368,
    "clubName": "Levante UD",
    "share": {
        "title": "Levante UD - Spielplan",
        "url": "https:\/\/www.transfermarkt.de\/levante-ud\/spielplan\/verein\/3368\/saison_id\/2024",
        "description": "Diese Seite enthält eine komplette Übersicht aller absolvierten und bereits terminierten Saisonspiele sowie die Saisonbilanz von Levante UD."
    },
    "playClubMatches": [
        {
            "id": "4426821",
            "scoreradarID": null,
            "competitionID": "ES2",
            "competitionName": "Segunda División",
            "competitionImage": "https:\/\/tmssl.akamaized.net\/\/images\/logo\/normal\/es2.png?lm=1725974946",
            "tournamentFlag": "0",
            "round": "",
            "group": "",
            "matchDay": "1",
            "matchDate": "18\/08\/2024",
            "fullMatchDate": "domingo, 18 de agosto de 2024",
            "matchTime": "17:00:00",
            "timestamp": 1723993200,
            "homeClubID": "2448",
            "homeClubName": "Real Sporting",
            "homeClubImage": "https:\/\/tmssl.akamaized.net\/\/images\/wappen\/medium\/2448.png?lm=1693991414",
            "awayClubID": "3368",
            "awayClubName": "Levante UD",
            "awayClubImage": "https:\/\/tmssl.akamaized.net\/\/images\/wappen\/medium\/3368.png?lm=1408655062",
            "result": "1:2",
            "postponed": false,
            "nextRound": "",
            "resultObject": {
                "result": "1:2",
                "goalsHome": "1",
                "goalsAway": "2",
                "minute": 0,
                "state": "100",
                "destinationValue": 2,
                "destinationDescription": "Spielbericht"
            }
        },
        {
            "id": "4426499",
            "scoreradarID": null,
            "competitionID": "ES2",
            "competitionName": "Segunda División",
            "competitionImage": "https:\/\/tmssl.akamaized.net\/\/images\/logo\/normal\/es2.png?lm=1725974946",
            "tournamentFlag": "0",
            "round": "",
            "group": "",
            "matchDay": "2",
            "matchDate": "24\/08\/2024",
            "fullMatchDate": "sábado, 24 de agosto de 2024",
            "matchTime": "19:00:00",
            "timestamp": 1724518800,
            "homeClubID": "3368",
            "homeClubName": "Levante UD",
            "homeClubImage": "https:\/\/tmssl.akamaized.net\/\/images\/wappen\/medium\/3368.png?lm=1408655062",
            "awayClubID": "2687",
            "awayClubName": "Cádiz CF",
            "awayClubImage": "https:\/\/tmssl.akamaized.net\/\/images\/wappen\/medium\/2687.png?lm=1683542431",
            "result": "1:1",
            "postponed": false,
            "nextRound": "",
            "resultObject": {
                "result": "1:1",
                "goalsHome": "1",
                "goalsAway": "1",
                "minute": 0,
                "state": "100",
                "destinationValue": 2,
                "destinationDescription": "Spielbericht"
            }
        },
        {
            "id": "4426826",
            "scoreradarID": null,
            "competitionID": "ES2",
            "competitionName": "Segunda División",
            "competitionImage": "https:\/\/tmssl.akamaized.net\/\/images\/logo\/normal\/es2.png?lm=1725974946",
            "tournamentFlag": "0",
            "round": "",
            "group": "",
            "matchDay": "3",
            "matchDate": "02\/09\/2024",
            "fullMatchDate": "lunes, 2 de septiembre de 2024",
            "matchTime": "19:00:00",
            "timestamp": 1725296400,
            "homeClubID": "1533",
            "homeClubName": "SD Eibar",
            "homeClubImage": "https:\/\/tmssl.akamaized.net\/\/images\/wappen\/medium\/1533.png?lm=1722693682",
            "awayClubID": "3368",
            "awayClubName": "Levante UD",
            "awayClubImage": "https:\/\/tmssl.akamaized.net\/\/images\/wappen\/medium\/3368.png?lm=1408655062",
            "result": "2:2",
            "postponed": false,
            "nextRound": "",
            "resultObject": {
                "result": "2:2",
                "goalsHome": "2",
                "goalsAway": "2",
                "minute": 0,
                "state": "100",
                "destinationValue": 2,
                "destinationDescription": "Spielbericht"
            }
        },
        {
            "id": "4426790",
            "scoreradarID": null,
            "competitionID": "ES2",
            "competitionName": "Segunda División",
            "competitionImage": "https:\/\/tmssl.akamaized.net\/\/images\/logo\/normal\/es2.png?lm=1725974946",
            "tournamentFlag": "0",
            "round": "",
            "group": "",
            "matchDay": "4",
            "matchDate": "08\/09\/2024",
            "fullMatchDate": "domingo, 8 de septiembre de 2024",
            "matchTime": "16:15:00",
            "timestamp": 1725804900,
            "homeClubID": "7077",
            "homeClubName": "FC Cartagena",
            "homeClubImage": "https:\/\/tmssl.akamaized.net\/\/images\/wappen\/medium\/7077.png?lm=1707084533",
            "awayClubID": "3368",
            "awayClubName": "Levante UD",
            "awayClubImage": "https:\/\/tmssl.akamaized.net\/\/images\/wappen\/medium\/3368.png?lm=1408655062",
            "result": "0:1",
            "postponed": false,
            "nextRound": "",
            "resultObject": {
                "result": "0:1",
                "goalsHome": "0",
                "goalsAway": "1",
                "minute": 0,
                "state": "100",
                "destinationValue": 2,
                "destinationDescription": "Spielbericht"
            }
        },
        {
            "id": "4426512",
            "scoreradarID": null,
            "competitionID": "ES2",
            "competitionName": "Segunda División",
            "competitionImage": "https:\/\/tmssl.akamaized.net\/\/images\/logo\/normal\/es2.png?lm=1725974946",
            "tournamentFlag": "0",
            "round": "",
            "group": "",
            "matchDay": "5",
            "matchDate": "14\/09\/2024",
            "fullMatchDate": "sábado, 14 de septiembre de 2024",
            "matchTime": "16:15:00",
            "timestamp": 1726323300,
            "homeClubID": "3368",
            "homeClubName": "Levante UD",
            "homeClubImage": "https:\/\/tmssl.akamaized.net\/\/images\/wappen\/medium\/3368.png?lm=1408655062",
            "awayClubID": "12567",
            "awayClubName": "CD Eldense",
            "awayClubImage": "https:\/\/tmssl.akamaized.net\/\/images\/wappen\/medium\/12567.png?lm=1689604234",
            "result": "3:1",
            "postponed": false,
            "nextRound": "",
            "resultObject": {
                "result": "3:1",
                "goalsHome": "3",
                "goalsAway": "1",
                "minute": 0,
                "state": "100",
                "destinationValue": 2,
                "destinationDescription": "Spielbericht"
            }
        },
        {
            "id": "4426864",
            "scoreradarID": null,
            "competitionID": "ES2",
            "competitionName": "Segunda División",
            "competitionImage": "https:\/\/tmssl.akamaized.net\/\/images\/logo\/normal\/es2.png?lm=1725974946",
            "tournamentFlag": "0",
            "round": "",
            "group": "",
            "matchDay": "6",
            "matchDate": "21\/09\/2024",
            "fullMatchDate": "sábado, 21 de septiembre de 2024",
            "matchTime": "21:00:00",
            "timestamp": 1726945200,
            "homeClubID": "142",
            "homeClubName": "Real Zaragoza",
            "homeClubImage": "https:\/\/tmssl.akamaized.net\/\/images\/wappen\/medium\/142.png?lm=1405877974",
            "awayClubID": "3368",
            "awayClubName": "Levante UD",
            "awayClubImage": "https:\/\/tmssl.akamaized.net\/\/images\/wappen\/medium\/3368.png?lm=1408655062",
            "result": "2:1",
            "postponed": false,
            "nextRound": "",
            "resultObject": {
                "result": "2:1",
                "goalsHome": "2",
                "goalsAway": "1",
                "minute": 0,
                "state": "100",
                "destinationValue": 2,
                "destinationDescription": "Spielbericht"
            }
        },
        {
            "id": "4426883",
            "scoreradarID": null,
            "competitionID": "ES2",
            "competitionName": "Segunda División",
            "competitionImage": "https:\/\/tmssl.akamaized.net\/\/images\/logo\/normal\/es2.png?lm=1725974946",
            "tournamentFlag": "0",
            "round": "",
            "group": "",
            "matchDay": "7",
            "matchDate": "29\/09\/2024",
            "fullMatchDate": "domingo, 29 de septiembre de 2024",
            "matchTime": "14:00:00",
            "timestamp": 1727611200,
            "homeClubID": "3368",
            "homeClubName": "Levante UD",
            "homeClubImage": "https:\/\/tmssl.akamaized.net\/\/images\/wappen\/medium\/3368.png?lm=1408655062",
            "awayClubID": "3302",
            "awayClubName": "UD Almería",
            "awayClubImage": "https:\/\/tmssl.akamaized.net\/\/images\/wappen\/medium\/3302.png?lm=1736335439",
            "result": "4:2",
            "postponed": false,
            "nextRound": "",
            "resultObject": {
                "result": "4:2",
                "goalsHome": "4",
                "goalsAway": "2",
                "minute": 0,
                "state": "100",
                "destinationValue": 2,
                "destinationDescription": "Spielbericht"
            }
        },
        {
            "id": "4426870",
            "scoreradarID": null,
            "competitionID": "ES2",
            "competitionName": "Segunda División",
            "competitionImage": "https:\/\/tmssl.akamaized.net\/\/images\/logo\/normal\/es2.png?lm=1725974946",
            "tournamentFlag": "0",
            "round": "",
            "group": "",
            "matchDay": "8",
            "matchDate": "06\/10\/2024",
            "fullMatchDate": "domingo, 6 de octubre de 2024",
            "matchTime": "18:30:00",
            "timestamp": 1728232200,
            "homeClubID": "3368",
            "homeClubName": "Levante UD",
            "homeClubImage": "https:\/\/tmssl.akamaized.net\/\/images\/wappen\/medium\/3368.png?lm=1408655062",
            "awayClubID": "2497",
            "awayClubName": "Real Oviedo",
            "awayClubImage": "https:\/\/tmssl.akamaized.net\/\/images\/wappen\/medium\/2497.png?lm=1417193316",
            "result": "0:0",
            "postponed": false,
            "nextRound": "",
            "resultObject": {
                "result": "0:0",
                "goalsHome": "0",
                "goalsAway": "0",
                "minute": 0,
                "state": "100",
                "destinationValue": 2,
                "destinationDescription": "Spielbericht"
            }
        },
        {
            "id": "4426843",
            "scoreradarID": null,
            "competitionID": "ES2",
            "competitionName": "Segunda División",
            "competitionImage": "https:\/\/tmssl.akamaized.net\/\/images\/logo\/normal\/es2.png?lm=1725974946",
            "tournamentFlag": "0",
            "round": "",
            "group": "",
            "matchDay": "9",
            "matchDate": "13\/10\/2024",
            "fullMatchDate": "domingo, 13 de octubre de 2024",
            "matchTime": "16:15:00",
            "timestamp": 1728828900,
            "homeClubID": "630",
            "homeClubName": "Racing",
            "homeClubImage": "https:\/\/tmssl.akamaized.net\/\/images\/wappen\/medium\/630.png?lm=1407484479",
            "awayClubID": "3368",
            "awayClubName": "Levante UD",
            "awayClubImage": "https:\/\/tmssl.akamaized.net\/\/images\/wappen\/medium\/3368.png?lm=1408655062",
            "result": "1:0",
            "postponed": false,
            "nextRound": "",
            "resultObject": {
                "result": "1:0",
                "goalsHome": "1",
                "goalsAway": "0",
                "minute": 0,
                "state": "100",
                "destinationValue": 2,
                "destinationDescription": "Spielbericht"
            }
        },
        {
            "id": "4426846",
            "scoreradarID": null,
            "competitionID": "ES2",
            "competitionName": "Segunda División",
            "competitionImage": "https:\/\/tmssl.akamaized.net\/\/images\/logo\/normal\/es2.png?lm=1725974946",
            "tournamentFlag": "0",
            "round": "",
            "group": "",
            "matchDay": "10",
            "matchDate": "19\/10\/2024",
            "fullMatchDate": "sábado, 19 de octubre de 2024",
            "matchTime": "18:30:00",
            "timestamp": 1729355400,
            "homeClubID": "2502",
            "homeClubName": "CD Castellón",
            "homeClubImage": "https:\/\/tmssl.akamaized.net\/\/images\/wappen\/medium\/2502.png?lm=1648726491",
            "awayClubID": "3368",
            "awayClubName": "Levante UD",
            "awayClubImage": "https:\/\/tmssl.akamaized.net\/\/images\/wappen\/medium\/3368.png?lm=1408655062",
            "result": "2:0",
            "postponed": false,
            "nextRound": "",
            "resultObject": {
                "result": "2:0",
                "goalsHome": "2",
                "goalsAway": "0",
                "minute": 0,
                "state": "100",
                "destinationValue": 2,
                "destinationDescription": "Spielbericht"
            }
        },
        {
            "id": "4426895",
            "scoreradarID": null,
            "competitionID": "ES2",
            "competitionName": "Segunda División",
            "competitionImage": "https:\/\/tmssl.akamaized.net\/\/images\/logo\/normal\/es2.png?lm=1725974946",
            "tournamentFlag": "0",
            "round": "",
            "group": "",
            "matchDay": "11",
            "matchDate": "24\/10\/2024",
            "fullMatchDate": "jueves, 24 de octubre de 2024",
            "matchTime": "19:00:00",
            "timestamp": 1729789200,
            "homeClubID": "3368",
            "homeClubName": "Levante UD",
            "homeClubImage": "https:\/\/tmssl.akamaized.net\/\/images\/wappen\/medium\/3368.png?lm=1408655062",
            "awayClubID": "897",
            "awayClubName": "RC Deportivo",
            "awayClubImage": "https:\/\/tmssl.akamaized.net\/\/images\/wappen\/medium\/897.png?lm=1563373966",
            "result": "2:1",
            "postponed": false,
            "nextRound": "",
            "resultObject": {
                "result": "2:1",
                "goalsHome": "2",
                "goalsAway": "1",
                "minute": 0,
                "state": "100",
                "destinationValue": 2,
                "destinationDescription": "Spielbericht"
            }
        },
        {
            "id": "4426904",
            "scoreradarID": null,
            "competitionID": "ES2",
            "competitionName": "Segunda División",
            "competitionImage": "https:\/\/tmssl.akamaized.net\/\/images\/logo\/normal\/es2.png?lm=1725974946",
            "tournamentFlag": "0",
            "round": "",
            "group": "",
            "matchDay": "12",
            "matchDate": "27\/10\/2024",
            "fullMatchDate": "domingo, 27 de octubre de 2024",
            "matchTime": "21:00:00",
            "timestamp": 1730059200,
            "homeClubID": "16795",
            "homeClubName": "Granada CF",
            "homeClubImage": "https:\/\/tmssl.akamaized.net\/\/images\/wappen\/medium\/16795.png?lm=1724157697",
            "awayClubID": "3368",
            "awayClubName": "Levante UD",
            "awayClubImage": "https:\/\/tmssl.akamaized.net\/\/images\/wappen\/medium\/3368.png?lm=1408655062",
            "result": "1:2",
            "postponed": false,
            "nextRound": "",
            "resultObject": {
                "result": "1:2",
                "goalsHome": "1",
                "goalsAway": "2",
                "minute": 0,
                "state": "100",
                "destinationValue": 2,
                "destinationDescription": "Spielbericht"
            }
        },
        {
            "id": "4426948",
            "scoreradarID": null,
            "competitionID": "ES2",
            "competitionName": "Segunda División",
            "competitionImage": "https:\/\/tmssl.akamaized.net\/\/images\/logo\/normal\/es2.png?lm=1725974946",
            "tournamentFlag": "0",
            "round": "",
            "group": "",
            "matchDay": "15",
            "matchDate": "16\/11\/2024",
            "fullMatchDate": "sábado, 16 de noviembre de 2024",
            "matchTime": "18:30:00",
            "timestamp": 1731778200,
            "homeClubID": "3368",
            "homeClubName": "Levante UD",
            "homeClubImage": "https:\/\/tmssl.akamaized.net\/\/images\/wappen\/medium\/3368.png?lm=1408655062",
            "awayClubID": "1531",
            "awayClubName": "Elche CF",
            "awayClubImage": "https:\/\/tmssl.akamaized.net\/\/images\/wappen\/medium\/1531.png?lm=1421955260",
            "result": "1:1",
            "postponed": false,
            "nextRound": "",
            "resultObject": {
                "result": "1:1",
                "goalsHome": "1",
                "goalsAway": "1",
                "minute": 0,
                "state": "100",
                "destinationValue": 2,
                "destinationDescription": "Spielbericht"
            }
        },
        {
            "id": "4472378",
            "scoreradarID": null,
            "competitionID": "CDR",
            "competitionName": "Copa del Rey",
            "competitionImage": "https:\/\/tmssl.akamaized.net\/\/images\/logo\/normal\/cdr.png?lm=1644835742",
            "tournamentFlag": "1",
            "round": "1ª Ronda",
            "group": "1R",
            "matchDay": "2",
            "matchDate": "19\/11\/2024",
            "fullMatchDate": "martes, 19 de noviembre de 2024",
            "matchTime": "20:00:00",
            "timestamp": 1732042800,
            "homeClubID": "5650",
            "homeClubName": "Pontevedra CF",
            "homeClubImage": "https:\/\/tmssl.akamaized.net\/\/images\/wappen\/medium\/5650.png?lm=1732278110",
            "awayClubID": "3368",
            "awayClubName": "Levante UD",
            "awayClubImage": "https:\/\/tmssl.akamaized.net\/\/images\/wappen\/medium\/3368.png?lm=1408655062",
            "result": "4:1",
            "postponed": false,
            "nextRound": "5650",
            "resultObject": {
                "result": "4:1",
                "goalsHome": "4",
                "goalsAway": "1",
                "minute": 0,
                "state": "100",
                "destinationValue": 2,
                "destinationDescription": "Spielbericht"
            }
        },
        {
            "id": "4426941",
            "scoreradarID": null,
            "competitionID": "ES2",
            "competitionName": "Segunda División",
            "competitionImage": "https:\/\/tmssl.akamaized.net\/\/images\/logo\/normal\/es2.png?lm=1725974946",
            "tournamentFlag": "0",
            "round": "",
            "group": "",
            "matchDay": "16",
            "matchDate": "22\/11\/2024",
            "fullMatchDate": "viernes, 22 de noviembre de 2024",
            "matchTime": "20:30:00",
            "timestamp": 1732303800,
            "homeClubID": "1176",
            "homeClubName": "Racing Ferrol",
            "homeClubImage": "https:\/\/tmssl.akamaized.net\/\/images\/wappen\/medium\/1176.png?lm=1702049971",
            "awayClubID": "3368",
            "awayClubName": "Levante UD",
            "awayClubImage": "https:\/\/tmssl.akamaized.net\/\/images\/wappen\/medium\/3368.png?lm=1408655062",
            "result": "0:0",
            "postponed": false,
            "nextRound": "",
            "resultObject": {
                "result": "0:0",
                "goalsHome": "0",
                "goalsAway": "0",
                "minute": 0,
                "state": "100",
                "destinationValue": 2,
                "destinationDescription": "Spielbericht"
            }
        },
        {
            "id": "4426915",
            "scoreradarID": null,
            "competitionID": "ES2",
            "competitionName": "Segunda División",
            "competitionImage": "https:\/\/tmssl.akamaized.net\/\/images\/logo\/normal\/es2.png?lm=1725974946",
            "tournamentFlag": "0",
            "round": "",
            "group": "",
            "matchDay": "13",
            "matchDate": "27\/11\/2024",
            "fullMatchDate": "miércoles, 27 de noviembre de 2024",
            "matchTime": "19:00:00",
            "timestamp": 1732730400,
            "homeClubID": "3368",
            "homeClubName": "Levante UD",
            "homeClubImage": "https:\/\/tmssl.akamaized.net\/\/images\/wappen\/medium\/3368.png?lm=1408655062",
            "awayClubID": "1084",
            "awayClubName": "Málaga CF",
            "awayClubImage": "https:\/\/tmssl.akamaized.net\/\/images\/wappen\/medium\/1084.png?lm=1474921800",
            "result": "4:2",
            "postponed": true,
            "nextRound": "",
            "resultObject": {
                "result": "4:2",
                "goalsHome": "4",
                "goalsAway": "2",
                "minute": 0,
                "state": "100",
                "destinationValue": 2,
                "destinationDescription": "Spielbericht"
            }
        },
        {
            "id": "4426519",
            "scoreradarID": null,
            "competitionID": "ES2",
            "competitionName": "Segunda División",
            "competitionImage": "https:\/\/tmssl.akamaized.net\/\/images\/logo\/normal\/es2.png?lm=1725974946",
            "tournamentFlag": "0",
            "round": "",
            "group": "",
            "matchDay": "17",
            "matchDate": "01\/12\/2024",
            "fullMatchDate": "domingo, 1 de diciembre de 2024",
            "matchTime": "18:30:00",
            "timestamp": 1733074200,
            "homeClubID": "3368",
            "homeClubName": "Levante UD",
            "homeClubImage": "https:\/\/tmssl.akamaized.net\/\/images\/wappen\/medium\/3368.png?lm=1408655062",
            "awayClubID": "1536",
            "awayClubName": "Burgos CF",
            "awayClubImage": "https:\/\/tmssl.akamaized.net\/\/images\/wappen\/medium\/1536.png?lm=1695651736",
            "result": "3:1",
            "postponed": false,
            "nextRound": "",
            "resultObject": {
                "result": "3:1",
                "goalsHome": "3",
                "goalsAway": "1",
                "minute": 0,
                "state": "100",
                "destinationValue": 2,
                "destinationDescription": "Spielbericht"
            }
        },
        {
            "id": "4426810",
            "scoreradarID": null,
            "competitionID": "ES2",
            "competitionName": "Segunda División",
            "competitionImage": "https:\/\/tmssl.akamaized.net\/\/images\/logo\/normal\/es2.png?lm=1725974946",
            "tournamentFlag": "0",
            "round": "",
            "group": "",
            "matchDay": "18",
            "matchDate": "06\/12\/2024",
            "fullMatchDate": "viernes, 6 de diciembre de 2024",
            "matchTime": "20:30:00",
            "timestamp": 1733513400,
            "homeClubID": "13222",
            "homeClubName": "CD Mirandés",
            "homeClubImage": "https:\/\/tmssl.akamaized.net\/\/images\/wappen\/medium\/13222.png?lm=1407484616",
            "awayClubID": "3368",
            "awayClubName": "Levante UD",
            "awayClubImage": "https:\/\/tmssl.akamaized.net\/\/images\/wappen\/medium\/3368.png?lm=1408655062",
            "result": "2:1",
            "postponed": false,
            "nextRound": "",
            "resultObject": {
                "result": "2:1",
                "goalsHome": "2",
                "goalsAway": "1",
                "minute": 0,
                "state": "100",
                "destinationValue": 2,
                "destinationDescription": "Spielbericht"
            }
        },
        {
            "id": "4426530",
            "scoreradarID": null,
            "competitionID": "ES2",
            "competitionName": "Segunda División",
            "competitionImage": "https:\/\/tmssl.akamaized.net\/\/images\/logo\/normal\/es2.png?lm=1725974946",
            "tournamentFlag": "0",
            "round": "",
            "group": "",
            "matchDay": "19",
            "matchDate": "14\/12\/2024",
            "fullMatchDate": "sábado, 14 de diciembre de 2024",
            "matchTime": "14:00:00",
            "timestamp": 1734181200,
            "homeClubID": "3368",
            "homeClubName": "Levante UD",
            "homeClubImage": "https:\/\/tmssl.akamaized.net\/\/images\/wappen\/medium\/3368.png?lm=1408655062",
            "awayClubID": "993",
            "awayClubName": "Córdoba CF",
            "awayClubImage": "https:\/\/tmssl.akamaized.net\/\/images\/wappen\/medium\/993.png?lm=1458766826",
            "result": "2:2",
            "postponed": false,
            "nextRound": "",
            "resultObject": {
                "result": "2:2",
                "goalsHome": "2",
                "goalsAway": "2",
                "minute": 0,
                "state": "100",
                "destinationValue": 2,
                "destinationDescription": "Spielbericht"
            }
        },
        {
            "id": "4426536",
            "scoreradarID": null,
            "competitionID": "ES2",
            "competitionName": "Segunda División",
            "competitionImage": "https:\/\/tmssl.akamaized.net\/\/images\/logo\/normal\/es2.png?lm=1725974946",
            "tournamentFlag": "0",
            "round": "",
            "group": "",
            "matchDay": "20",
            "matchDate": "17\/12\/2024",
            "fullMatchDate": "martes, 17 de diciembre de 2024",
            "matchTime": "19:00:00",
            "timestamp": 1734458400,
            "homeClubID": "1532",
            "homeClubName": "Albacete",
            "homeClubImage": "https:\/\/tmssl.akamaized.net\/\/images\/wappen\/medium\/1532.png?lm=1407563756",
            "awayClubID": "3368",
            "awayClubName": "Levante UD",
            "awayClubImage": "https:\/\/tmssl.akamaized.net\/\/images\/wappen\/medium\/3368.png?lm=1408655062",
            "result": "0:0",
            "postponed": false,
            "nextRound": "",
            "resultObject": {
                "result": "0:0",
                "goalsHome": "0",
                "goalsAway": "0",
                "minute": 0,
                "state": "100",
                "destinationValue": 2,
                "destinationDescription": "Spielbericht"
            }
        },
        {
            "id": "4426556",
            "scoreradarID": null,
            "competitionID": "ES2",
            "competitionName": "Segunda División",
            "competitionImage": "https:\/\/tmssl.akamaized.net\/\/images\/logo\/normal\/es2.png?lm=1725974946",
            "tournamentFlag": "0",
            "round": "",
            "group": "",
            "matchDay": "21",
            "matchDate": "22\/12\/2024",
            "fullMatchDate": "domingo, 22 de diciembre de 2024",
            "matchTime": "21:00:00",
            "timestamp": 1734897600,
            "homeClubID": "3368",
            "homeClubName": "Levante UD",
            "homeClubImage": "https:\/\/tmssl.akamaized.net\/\/images\/wappen\/medium\/3368.png?lm=1408655062",
            "awayClubID": "5358",
            "awayClubName": "SD Huesca",
            "awayClubImage": "https:\/\/tmssl.akamaized.net\/\/images\/wappen\/medium\/5358.png?lm=1726751837",
            "result": "1:1",
            "postponed": false,
            "nextRound": "",
            "resultObject": {
                "result": "1:1",
                "goalsHome": "1",
                "goalsAway": "1",
                "minute": 0,
                "state": "100",
                "destinationValue": 2,
                "destinationDescription": "Spielbericht"
            }
        },
        {
            "id": "4426946",
            "scoreradarID": null,
            "competitionID": "ES2",
            "competitionName": "Segunda División",
            "competitionImage": "https:\/\/tmssl.akamaized.net\/\/images\/logo\/normal\/es2.png?lm=1725974946",
            "tournamentFlag": "0",
            "round": "",
            "group": "",
            "matchDay": "14",
            "matchDate": "07\/01\/2025",
            "fullMatchDate": "martes, 7 de enero de 2025",
            "matchTime": "21:30:00",
            "timestamp": 1736281800,
            "homeClubID": "648",
            "homeClubName": "CD Tenerife",
            "homeClubImage": "https:\/\/tmssl.akamaized.net\/\/images\/wappen\/medium\/648.png?lm=1578091884",
            "awayClubID": "3368",
            "awayClubName": "Levante UD",
            "awayClubImage": "https:\/\/tmssl.akamaized.net\/\/images\/wappen\/medium\/3368.png?lm=1408655062",
            "result": "0:3",
            "postponed": true,
            "nextRound": "",
            "resultObject": {
                "result": "0:3",
                "goalsHome": "0",
                "goalsAway": "3",
                "minute": 0,
                "state": "100",
                "destinationValue": 2,
                "destinationDescription": "Spielbericht"
            }
        },
        {
            "id": "4426559",
            "scoreradarID": null,
            "competitionID": "ES2",
            "competitionName": "Segunda División",
            "competitionImage": "https:\/\/tmssl.akamaized.net\/\/images\/logo\/normal\/es2.png?lm=1725974946",
            "tournamentFlag": "0",
            "round": "",
            "group": "",
            "matchDay": "22",
            "matchDate": "12\/01\/2025",
            "fullMatchDate": "domingo, 12 de enero de 2025",
            "matchTime": "16:15:00",
            "timestamp": 1736694900,
            "homeClubID": "2687",
            "homeClubName": "Cádiz CF",
            "homeClubImage": "https:\/\/tmssl.akamaized.net\/\/images\/wappen\/medium\/2687.png?lm=1683542431",
            "awayClubID": "3368",
            "awayClubName": "Levante UD",
            "awayClubImage": "https:\/\/tmssl.akamaized.net\/\/images\/wappen\/medium\/3368.png?lm=1408655062",
            "result": "0:0",
            "postponed": false,
            "nextRound": "",
            "resultObject": {
                "result": "0:0",
                "goalsHome": "0",
                "goalsAway": "0",
                "minute": 0,
                "state": "100",
                "destinationValue": 2,
                "destinationDescription": "Spielbericht"
            }
        },
        {
            "id": "4426599",
            "scoreradarID": null,
            "competitionID": "ES2",
            "competitionName": "Segunda División",
            "competitionImage": "https:\/\/tmssl.akamaized.net\/\/images\/logo\/normal\/es2.png?lm=1725974946",
            "tournamentFlag": "0",
            "round": "",
            "group": "",
            "matchDay": "23",
            "matchDate": "18\/01\/2025",
            "fullMatchDate": "sábado, 18 de enero de 2025",
            "matchTime": "21:00:00",
            "timestamp": 1737230400,
            "homeClubID": "3368",
            "homeClubName": "Levante UD",
            "homeClubImage": "https:\/\/tmssl.akamaized.net\/\/images\/wappen\/medium\/3368.png?lm=1408655062",
            "awayClubID": "16795",
            "awayClubName": "Granada CF",
            "awayClubImage": "https:\/\/tmssl.akamaized.net\/\/images\/wappen\/medium\/16795.png?lm=1724157697",
            "result": "3:1",
            "postponed": false,
            "nextRound": "",
            "resultObject": {
                "result": "3:1",
                "goalsHome": "3",
                "goalsAway": "1",
                "minute": 0,
                "state": "100",
                "destinationValue": 2,
                "destinationDescription": "Spielbericht"
            }
        },
        {
            "id": "4426572",
            "scoreradarID": null,
            "competitionID": "ES2",
            "competitionName": "Segunda División",
            "competitionImage": "https:\/\/tmssl.akamaized.net\/\/images\/logo\/normal\/es2.png?lm=1725974946",
            "tournamentFlag": "0",
            "round": "",
            "group": "",
            "matchDay": "24",
            "matchDate": "25\/01\/2025",
            "fullMatchDate": "sábado, 25 de enero de 2025",
            "matchTime": "18:30:00",
            "timestamp": 1737826200,
            "homeClubID": "897",
            "homeClubName": "RC Deportivo",
            "homeClubImage": "https:\/\/tmssl.akamaized.net\/\/images\/wappen\/medium\/897.png?lm=1563373966",
            "awayClubID": "3368",
            "awayClubName": "Levante UD",
            "awayClubImage": "https:\/\/tmssl.akamaized.net\/\/images\/wappen\/medium\/3368.png?lm=1408655062",
            "result": "1:2",
            "postponed": false,
            "nextRound": "",
            "resultObject": {
                "result": "1:2",
                "goalsHome": "1",
                "goalsAway": "2",
                "minute": 0,
                "state": "100",
                "destinationValue": 2,
                "destinationDescription": "Spielbericht"
            }
        },
        {
            "id": "4426666",
            "scoreradarID": null,
            "competitionID": "ES2",
            "competitionName": "Segunda División",
            "competitionImage": "https:\/\/tmssl.akamaized.net\/\/images\/logo\/normal\/es2.png?lm=1725974946",
            "tournamentFlag": "0",
            "round": "",
            "group": "",
            "matchDay": "25",
            "matchDate": "03\/02\/2025",
            "fullMatchDate": "lunes, 3 de febrero de 2025",
            "matchTime": "20:30:00",
            "timestamp": 1738611000,
            "homeClubID": "3368",
            "homeClubName": "Levante UD",
            "homeClubImage": "https:\/\/tmssl.akamaized.net\/\/images\/wappen\/medium\/3368.png?lm=1408655062",
            "awayClubID": "1176",
            "awayClubName": "Racing Ferrol",
            "awayClubImage": "https:\/\/tmssl.akamaized.net\/\/images\/wappen\/medium\/1176.png?lm=1702049971",
            "result": "0:1",
            "postponed": false,
            "nextRound": "",
            "resultObject": {
                "result": "0:1",
                "goalsHome": "0",
                "goalsAway": "1",
                "minute": 0,
                "state": "100",
                "destinationValue": 2,
                "destinationDescription": "Spielbericht"
            }
        },
        {
            "id": "4426656",
            "scoreradarID": null,
            "competitionID": "ES2",
            "competitionName": "Segunda División",
            "competitionImage": "https:\/\/tmssl.akamaized.net\/\/images\/logo\/normal\/es2.png?lm=1725974946",
            "tournamentFlag": "0",
            "round": "",
            "group": "",
            "matchDay": "26",
            "matchDate": "08\/02\/2025",
            "fullMatchDate": "sábado, 8 de febrero de 2025",
            "matchTime": "18:30:00",
            "timestamp": 1739035800,
            "homeClubID": "1084",
            "homeClubName": "Málaga CF",
            "homeClubImage": "https:\/\/tmssl.akamaized.net\/\/images\/wappen\/medium\/1084.png?lm=1474921800",
            "awayClubID": "3368",
            "awayClubName": "Levante UD",
            "awayClubImage": "https:\/\/tmssl.akamaized.net\/\/images\/wappen\/medium\/3368.png?lm=1408655062",
            "result": "1:1",
            "postponed": false,
            "nextRound": "",
            "resultObject": {
                "result": "1:1",
                "goalsHome": "1",
                "goalsAway": "1",
                "minute": 0,
                "state": "100",
                "destinationValue": 2,
                "destinationDescription": "Spielbericht"
            }
        },
        {
            "id": "4426583",
            "scoreradarID": null,
            "competitionID": "ES2",
            "competitionName": "Segunda División",
            "competitionImage": "https:\/\/tmssl.akamaized.net\/\/images\/logo\/normal\/es2.png?lm=1725974946",
            "tournamentFlag": "0",
            "round": "",
            "group": "",
            "matchDay": "27",
            "matchDate": "16\/02\/2025",
            "fullMatchDate": "domingo, 16 de febrero de 2025",
            "matchTime": "14:00:00",
            "timestamp": 1739710800,
            "homeClubID": "3368",
            "homeClubName": "Levante UD",
            "homeClubImage": "https:\/\/tmssl.akamaized.net\/\/images\/wappen\/medium\/3368.png?lm=1408655062",
            "awayClubID": "2448",
            "awayClubName": "Real Sporting",
            "awayClubImage": "https:\/\/tmssl.akamaized.net\/\/images\/wappen\/medium\/2448.png?lm=1693991414",
            "result": "-:-",
            "postponed": false,
            "nextRound": "",
            "resultObject": {
                "result": "-:-",
                "goalsHome": "-",
                "goalsAway": "-",
                "minute": 0,
                "state": "",
                "destinationValue": 1,
                "destinationDescription": "Vorbericht"
            }
        },
        {
            "id": "4426630",
            "scoreradarID": null,
            "competitionID": "ES2",
            "competitionName": "Segunda División",
            "competitionImage": "https:\/\/tmssl.akamaized.net\/\/images\/logo\/normal\/es2.png?lm=1725974946",
            "tournamentFlag": "0",
            "round": "",
            "group": "",
            "matchDay": "28",
            "matchDate": "23\/02\/2025",
            "fullMatchDate": "domingo, 23 de febrero de 2025",
            "matchTime": "18:30:00",
            "timestamp": 1740331800,
            "homeClubID": "3368",
            "homeClubName": "Levante UD",
            "homeClubImage": "https:\/\/tmssl.akamaized.net\/\/images\/wappen\/medium\/3368.png?lm=1408655062",
            "awayClubID": "13222",
            "awayClubName": "CD Mirandés",
            "awayClubImage": "https:\/\/tmssl.akamaized.net\/\/images\/wappen\/medium\/13222.png?lm=1407484616",
            "result": "-:-",
            "postponed": false,
            "nextRound": "",
            "resultObject": {
                "result": "-:-",
                "goalsHome": "-",
                "goalsAway": "-",
                "minute": 0,
                "state": "",
                "destinationValue": 1,
                "destinationDescription": "Vorbericht"
            }
        },
        {
            "id": "4426639",
            "scoreradarID": null,
            "competitionID": "ES2",
            "competitionName": "Segunda División",
            "competitionImage": "https:\/\/tmssl.akamaized.net\/\/images\/logo\/normal\/es2.png?lm=1725974946",
            "tournamentFlag": "0",
            "round": "",
            "group": "",
            "matchDay": "29",
            "matchDate": "02\/03\/2025",
            "fullMatchDate": "domingo, 2 de marzo de 2025",
            "matchTime": "18:30:00",
            "timestamp": 1740936600,
            "homeClubID": "12567",
            "homeClubName": "CD Eldense",
            "homeClubImage": "https:\/\/tmssl.akamaized.net\/\/images\/wappen\/medium\/12567.png?lm=1689604234",
            "awayClubID": "3368",
            "awayClubName": "Levante UD",
            "awayClubImage": "https:\/\/tmssl.akamaized.net\/\/images\/wappen\/medium\/3368.png?lm=1408655062",
            "result": "-:-",
            "postponed": false,
            "nextRound": "",
            "resultObject": {
                "result": "-:-",
                "goalsHome": "-",
                "goalsAway": "-",
                "minute": 0,
                "state": "",
                "destinationValue": 1,
                "destinationDescription": "Vorbericht"
            }
        },
        {
            "id": "4426617",
            "scoreradarID": null,
            "competitionID": "ES2",
            "competitionName": "Segunda División",
            "competitionImage": "https:\/\/tmssl.akamaized.net\/\/images\/logo\/normal\/es2.png?lm=1725974946",
            "tournamentFlag": "0",
            "round": "",
            "group": "",
            "matchDay": "30",
            "matchDate": "09\/03\/2025",
            "fullMatchDate": "domingo, 9 de marzo de 2025",
            "matchTime": "00:00:00",
            "timestamp": 1741474800,
            "homeClubID": "3368",
            "homeClubName": "Levante UD",
            "homeClubImage": "https:\/\/tmssl.akamaized.net\/\/images\/wappen\/medium\/3368.png?lm=1408655062",
            "awayClubID": "7077",
            "awayClubName": "FC Cartagena",
            "awayClubImage": "https:\/\/tmssl.akamaized.net\/\/images\/wappen\/medium\/7077.png?lm=1707084533",
            "result": "-:-",
            "postponed": false,
            "nextRound": "",
            "resultObject": {
                "result": "-:-",
                "goalsHome": "-",
                "goalsAway": "-",
                "minute": 0,
                "state": "",
                "destinationValue": 1,
                "destinationDescription": "Vorbericht"
            }
        },
        {
            "id": "4426608",
            "scoreradarID": null,
            "competitionID": "ES2",
            "competitionName": "Segunda División",
            "competitionImage": "https:\/\/tmssl.akamaized.net\/\/images\/logo\/normal\/es2.png?lm=1725974946",
            "tournamentFlag": "0",
            "round": "",
            "group": "",
            "matchDay": "31",
            "matchDate": "16\/03\/2025",
            "fullMatchDate": "domingo, 16 de marzo de 2025",
            "matchTime": "00:00:00",
            "timestamp": 1742079600,
            "homeClubID": "5358",
            "homeClubName": "SD Huesca",
            "homeClubImage": "https:\/\/tmssl.akamaized.net\/\/images\/wappen\/medium\/5358.png?lm=1726751837",
            "awayClubID": "3368",
            "awayClubName": "Levante UD",
            "awayClubImage": "https:\/\/tmssl.akamaized.net\/\/images\/wappen\/medium\/3368.png?lm=1408655062",
            "result": "-:-",
            "postponed": false,
            "nextRound": "",
            "resultObject": {
                "result": "-:-",
                "goalsHome": "-",
                "goalsAway": "-",
                "minute": 0,
                "state": "",
                "destinationValue": 1,
                "destinationDescription": "Vorbericht"
            }
        },
        {
            "id": "4426676",
            "scoreradarID": null,
            "competitionID": "ES2",
            "competitionName": "Segunda División",
            "competitionImage": "https:\/\/tmssl.akamaized.net\/\/images\/logo\/normal\/es2.png?lm=1725974946",
            "tournamentFlag": "0",
            "round": "",
            "group": "",
            "matchDay": "32",
            "matchDate": "23\/03\/2025",
            "fullMatchDate": "domingo, 23 de marzo de 2025",
            "matchTime": "00:00:00",
            "timestamp": 1742684400,
            "homeClubID": "3368",
            "homeClubName": "Levante UD",
            "homeClubImage": "https:\/\/tmssl.akamaized.net\/\/images\/wappen\/medium\/3368.png?lm=1408655062",
            "awayClubID": "2502",
            "awayClubName": "CD Castellón",
            "awayClubImage": "https:\/\/tmssl.akamaized.net\/\/images\/wappen\/medium\/2502.png?lm=1648726491",
            "result": "-:-",
            "postponed": false,
            "nextRound": "",
            "resultObject": {
                "result": "-:-",
                "goalsHome": "-",
                "goalsAway": "-",
                "minute": 0,
                "state": "",
                "destinationValue": 1,
                "destinationDescription": "Vorbericht"
            }
        },
        {
            "id": "4426680",
            "scoreradarID": null,
            "competitionID": "ES2",
            "competitionName": "Segunda División",
            "competitionImage": "https:\/\/tmssl.akamaized.net\/\/images\/logo\/normal\/es2.png?lm=1725974946",
            "tournamentFlag": "0",
            "round": "",
            "group": "",
            "matchDay": "33",
            "matchDate": "30\/03\/2025",
            "fullMatchDate": "domingo, 30 de marzo de 2025",
            "matchTime": "00:00:00",
            "timestamp": 1743289200,
            "homeClubID": "3302",
            "homeClubName": "UD Almería",
            "homeClubImage": "https:\/\/tmssl.akamaized.net\/\/images\/wappen\/medium\/3302.png?lm=1736335439",
            "awayClubID": "3368",
            "awayClubName": "Levante UD",
            "awayClubImage": "https:\/\/tmssl.akamaized.net\/\/images\/wappen\/medium\/3368.png?lm=1408655062",
            "result": "-:-",
            "postponed": false,
            "nextRound": "",
            "resultObject": {
                "result": "-:-",
                "goalsHome": "-",
                "goalsAway": "-",
                "minute": 0,
                "state": "",
                "destinationValue": 1,
                "destinationDescription": "Vorbericht"
            }
        },
        {
            "id": "4426694",
            "scoreradarID": null,
            "competitionID": "ES2",
            "competitionName": "Segunda División",
            "competitionImage": "https:\/\/tmssl.akamaized.net\/\/images\/logo\/normal\/es2.png?lm=1725974946",
            "tournamentFlag": "0",
            "round": "",
            "group": "",
            "matchDay": "34",
            "matchDate": "06\/04\/2025",
            "fullMatchDate": "domingo, 6 de abril de 2025",
            "matchTime": "00:00:00",
            "timestamp": 1743890400,
            "homeClubID": "3368",
            "homeClubName": "Levante UD",
            "homeClubImage": "https:\/\/tmssl.akamaized.net\/\/images\/wappen\/medium\/3368.png?lm=1408655062",
            "awayClubID": "630",
            "awayClubName": "Racing",
            "awayClubImage": "https:\/\/tmssl.akamaized.net\/\/images\/wappen\/medium\/630.png?lm=1407484479",
            "result": "-:-",
            "postponed": false,
            "nextRound": "",
            "resultObject": {
                "result": "-:-",
                "goalsHome": "-",
                "goalsAway": "-",
                "minute": 0,
                "state": "",
                "destinationValue": 1,
                "destinationDescription": "Vorbericht"
            }
        },
        {
            "id": "4426704",
            "scoreradarID": null,
            "competitionID": "ES2",
            "competitionName": "Segunda División",
            "competitionImage": "https:\/\/tmssl.akamaized.net\/\/images\/logo\/normal\/es2.png?lm=1725974946",
            "tournamentFlag": "0",
            "round": "",
            "group": "",
            "matchDay": "35",
            "matchDate": "13\/04\/2025",
            "fullMatchDate": "domingo, 13 de abril de 2025",
            "matchTime": "00:00:00",
            "timestamp": 1744495200,
            "homeClubID": "993",
            "homeClubName": "Córdoba CF",
            "homeClubImage": "https:\/\/tmssl.akamaized.net\/\/images\/wappen\/medium\/993.png?lm=1458766826",
            "awayClubID": "3368",
            "awayClubName": "Levante UD",
            "awayClubImage": "https:\/\/tmssl.akamaized.net\/\/images\/wappen\/medium\/3368.png?lm=1408655062",
            "result": "-:-",
            "postponed": false,
            "nextRound": "",
            "resultObject": {
                "result": "-:-",
                "goalsHome": "-",
                "goalsAway": "-",
                "minute": 0,
                "state": "",
                "destinationValue": 1,
                "destinationDescription": "Vorbericht"
            }
        },
        {
            "id": "4426718",
            "scoreradarID": null,
            "competitionID": "ES2",
            "competitionName": "Segunda División",
            "competitionImage": "https:\/\/tmssl.akamaized.net\/\/images\/logo\/normal\/es2.png?lm=1725974946",
            "tournamentFlag": "0",
            "round": "",
            "group": "",
            "matchDay": "36",
            "matchDate": "20\/04\/2025",
            "fullMatchDate": "domingo, 20 de abril de 2025",
            "matchTime": "00:00:00",
            "timestamp": 1745100000,
            "homeClubID": "3368",
            "homeClubName": "Levante UD",
            "homeClubImage": "https:\/\/tmssl.akamaized.net\/\/images\/wappen\/medium\/3368.png?lm=1408655062",
            "awayClubID": "142",
            "awayClubName": "Real Zaragoza",
            "awayClubImage": "https:\/\/tmssl.akamaized.net\/\/images\/wappen\/medium\/142.png?lm=1405877974",
            "result": "-:-",
            "postponed": false,
            "nextRound": "",
            "resultObject": {
                "result": "-:-",
                "goalsHome": "-",
                "goalsAway": "-",
                "minute": 0,
                "state": "",
                "destinationValue": 1,
                "destinationDescription": "Vorbericht"
            }
        },
        {
            "id": "4426733",
            "scoreradarID": null,
            "competitionID": "ES2",
            "competitionName": "Segunda División",
            "competitionImage": "https:\/\/tmssl.akamaized.net\/\/images\/logo\/normal\/es2.png?lm=1725974946",
            "tournamentFlag": "0",
            "round": "",
            "group": "",
            "matchDay": "37",
            "matchDate": "27\/04\/2025",
            "fullMatchDate": "domingo, 27 de abril de 2025",
            "matchTime": "00:00:00",
            "timestamp": 1745704800,
            "homeClubID": "2497",
            "homeClubName": "Real Oviedo",
            "homeClubImage": "https:\/\/tmssl.akamaized.net\/\/images\/wappen\/medium\/2497.png?lm=1417193316",
            "awayClubID": "3368",
            "awayClubName": "Levante UD",
            "awayClubImage": "https:\/\/tmssl.akamaized.net\/\/images\/wappen\/medium\/3368.png?lm=1408655062",
            "result": "-:-",
            "postponed": false,
            "nextRound": "",
            "resultObject": {
                "result": "-:-",
                "goalsHome": "-",
                "goalsAway": "-",
                "minute": 0,
                "state": "",
                "destinationValue": 1,
                "destinationDescription": "Vorbericht"
            }
        },
        {
            "id": "4426741",
            "scoreradarID": null,
            "competitionID": "ES2",
            "competitionName": "Segunda División",
            "competitionImage": "https:\/\/tmssl.akamaized.net\/\/images\/logo\/normal\/es2.png?lm=1725974946",
            "tournamentFlag": "0",
            "round": "",
            "group": "",
            "matchDay": "38",
            "matchDate": "04\/05\/2025",
            "fullMatchDate": "domingo, 4 de mayo de 2025",
            "matchTime": "00:00:00",
            "timestamp": 1746309600,
            "homeClubID": "3368",
            "homeClubName": "Levante UD",
            "homeClubImage": "https:\/\/tmssl.akamaized.net\/\/images\/wappen\/medium\/3368.png?lm=1408655062",
            "awayClubID": "648",
            "awayClubName": "CD Tenerife",
            "awayClubImage": "https:\/\/tmssl.akamaized.net\/\/images\/wappen\/medium\/648.png?lm=1578091884",
            "result": "-:-",
            "postponed": false,
            "nextRound": "",
            "resultObject": {
                "result": "-:-",
                "goalsHome": "-",
                "goalsAway": "-",
                "minute": 0,
                "state": "",
                "destinationValue": 1,
                "destinationDescription": "Vorbericht"
            }
        },
        {
            "id": "4426747",
            "scoreradarID": null,
            "competitionID": "ES2",
            "competitionName": "Segunda División",
            "competitionImage": "https:\/\/tmssl.akamaized.net\/\/images\/logo\/normal\/es2.png?lm=1725974946",
            "tournamentFlag": "0",
            "round": "",
            "group": "",
            "matchDay": "39",
            "matchDate": "11\/05\/2025",
            "fullMatchDate": "domingo, 11 de mayo de 2025",
            "matchTime": "00:00:00",
            "timestamp": 1746914400,
            "homeClubID": "1531",
            "homeClubName": "Elche CF",
            "homeClubImage": "https:\/\/tmssl.akamaized.net\/\/images\/wappen\/medium\/1531.png?lm=1421955260",
            "awayClubID": "3368",
            "awayClubName": "Levante UD",
            "awayClubImage": "https:\/\/tmssl.akamaized.net\/\/images\/wappen\/medium\/3368.png?lm=1408655062",
            "result": "-:-",
            "postponed": false,
            "nextRound": "",
            "resultObject": {
                "result": "-:-",
                "goalsHome": "-",
                "goalsAway": "-",
                "minute": 0,
                "state": "",
                "destinationValue": 1,
                "destinationDescription": "Vorbericht"
            }
        },
        {
            "id": "4426763",
            "scoreradarID": null,
            "competitionID": "ES2",
            "competitionName": "Segunda División",
            "competitionImage": "https:\/\/tmssl.akamaized.net\/\/images\/logo\/normal\/es2.png?lm=1725974946",
            "tournamentFlag": "0",
            "round": "",
            "group": "",
            "matchDay": "40",
            "matchDate": "18\/05\/2025",
            "fullMatchDate": "domingo, 18 de mayo de 2025",
            "matchTime": "00:00:00",
            "timestamp": 1747519200,
            "homeClubID": "3368",
            "homeClubName": "Levante UD",
            "homeClubImage": "https:\/\/tmssl.akamaized.net\/\/images\/wappen\/medium\/3368.png?lm=1408655062",
            "awayClubID": "1532",
            "awayClubName": "Albacete",
            "awayClubImage": "https:\/\/tmssl.akamaized.net\/\/images\/wappen\/medium\/1532.png?lm=1407563756",
            "result": "-:-",
            "postponed": false,
            "nextRound": "",
            "resultObject": {
                "result": "-:-",
                "goalsHome": "-",
                "goalsAway": "-",
                "minute": 0,
                "state": "",
                "destinationValue": 1,
                "destinationDescription": "Vorbericht"
            }
        },
        {
            "id": "4426768",
            "scoreradarID": null,
            "competitionID": "ES2",
            "competitionName": "Segunda División",
            "competitionImage": "https:\/\/tmssl.akamaized.net\/\/images\/logo\/normal\/es2.png?lm=1725974946",
            "tournamentFlag": "0",
            "round": "",
            "group": "",
            "matchDay": "41",
            "matchDate": "25\/05\/2025",
            "fullMatchDate": "domingo, 25 de mayo de 2025",
            "matchTime": "00:00:00",
            "timestamp": 1748124000,
            "homeClubID": "1536",
            "homeClubName": "Burgos CF",
            "homeClubImage": "https:\/\/tmssl.akamaized.net\/\/images\/wappen\/medium\/1536.png?lm=1695651736",
            "awayClubID": "3368",
            "awayClubName": "Levante UD",
            "awayClubImage": "https:\/\/tmssl.akamaized.net\/\/images\/wappen\/medium\/3368.png?lm=1408655062",
            "result": "-:-",
            "postponed": false,
            "nextRound": "",
            "resultObject": {
                "result": "-:-",
                "goalsHome": "-",
                "goalsAway": "-",
                "minute": 0,
                "state": "",
                "destinationValue": 1,
                "destinationDescription": "Vorbericht"
            }
        },
        {
            "id": "4426786",
            "scoreradarID": null,
            "competitionID": "ES2",
            "competitionName": "Segunda División",
            "competitionImage": "https:\/\/tmssl.akamaized.net\/\/images\/logo\/normal\/es2.png?lm=1725974946",
            "tournamentFlag": "0",
            "round": "",
            "group": "",
            "matchDay": "42",
            "matchDate": "01\/06\/2025",
            "fullMatchDate": "domingo, 1 de junio de 2025",
            "matchTime": "00:00:00",
            "timestamp": 1748728800,
            "homeClubID": "3368",
            "homeClubName": "Levante UD",
            "homeClubImage": "https:\/\/tmssl.akamaized.net\/\/images\/wappen\/medium\/3368.png?lm=1408655062",
            "awayClubID": "1533",
            "awayClubName": "SD Eibar",
            "awayClubImage": "https:\/\/tmssl.akamaized.net\/\/images\/wappen\/medium\/1533.png?lm=1722693682",
            "result": "-:-",
            "postponed": false,
            "nextRound": "",
            "resultObject": {
                "result": "-:-",
                "goalsHome": "-",
                "goalsAway": "-",
                "minute": 0,
                "state": "",
                "destinationValue": 1,
                "destinationDescription": "Vorbericht"
            }
        }
    ]
}