{"standings":[{"position":1,"team":"Mirandés","played":27,"won":14,"drawn":6,"lost":7,"goalDifference":"+14","goals":"36:22","last5":"PGPPG","points":48},{"position":2,"team":"Racing de Santander","played":27,"won":14,"drawn":6,"lost":7,"goalDifference":"+11","goals":"42:31","last5":"PGPGP","points":48},{"position":3,"team":"Huesca","played":26,"won":13,"drawn":7,"lost":6,"goalDifference":"+16","goals":"37:21","last5":"PGPEP","points":46},{"position":4,"team":"Elche","played":26,"won":13,"drawn":7,"lost":6,"goalDifference":"+15","goals":"34:19","last5":"PGPEP","points":46},{"position":5,"team":"Almería","played":26,"won":12,"drawn":8,"lost":6,"goalDifference":"+11","goals":"46:35","last5":"PGPEP","points":44},{"position":6,"team":"Real Oviedo","played":26,"won":12,"drawn":8,"lost":6,"goalDifference":"+6","goals":"37:31","last5":"PEPGP","points":44},{"position":7,"team":"Levante","played":26,"won":11,"drawn":10,"lost":5,"goalDifference":"+12","goals":"39:27","last5":"PEPGP","points":43},{"position":8,"team":"Granada","played":26,"won":11,"drawn":8,"lost":7,"goalDifference":"+11","goals":"42:31","last5":"PEPGP","points":41},{"position":9,"team":"Cádiz","played":27,"won":9,"drawn":10,"lost":8,"goalDifference":"+3","goals":"39:36","last5":"PGPEP","points":37},{"position":10,"team":"Sporting","played":26,"won":9,"drawn":9,"lost":8,"goalDifference":"+4","goals":"34:30","last5":"PEPPG","points":36},{"position":11,"team":"Deportivo","played":26,"won":9,"drawn":8,"lost":9,"goalDifference":"+5","goals":"36:31","last5":"GPPGP","points":35},{"position":12,"team":"Castellón","played":27,"won":10,"drawn":5,"lost":12,"goalDifference":"0","goals":"37:37","last5":"PPPPG","points":35},{"position":13,"team":"Málaga","played":27,"won":7,"drawn":14,"lost":6,"goalDifference":"0","goals":"28:28","last5":"PPPPP","points":35},{"position":14,"team":"Real Zaragoza","played":26,"won":9,"drawn":7,"lost":10,"goalDifference":"+4","goals":"36:32","last5":"PPGPE","points":34},{"position":15,"team":"Albacete","played":26,"won":8,"drawn":10,"lost":8,"goalDifference":"-3","goals":"33:36","last5":"PEPVP","points":34},{"position":16,"team":"Córdoba","played":27,"won":9,"drawn":7,"lost":11,"goalDifference":"-8","goals":"35:43","last5":"PPGPP","points":34},{"position":17,"team":"Eibar","played":27,"won":9,"drawn":6,"lost":12,"goalDifference":"-5","goals":"24:29","last5":"PEPPV","points":33},{"position":18,"team":"Burgos","played":25,"won":8,"drawn":6,"lost":11,"goalDifference":"-9","goals":"20:29","last5":"GPEPP","points":30},{"position":19,"team":"Eldense","played":26,"won":6,"drawn":7,"lost":13,"goalDifference":"-15","goals":"24:39","last5":"PPGPE","points":25},{"position":20,"team":"Racing de Ferrol","played":26,"won":4,"drawn":10,"lost":12,"goalDifference":"-24","goals":"17:41","last5":"PEPPV","points":22},{"position":21,"team":"CD Tenerife","played":27,"won":4,"drawn":8,"lost":15,"goalDifference":"-17","goals":"23:40","last5":"PEPGP","points":20},{"position":22,"team":"Cartagena","played":27,"won":4,"drawn":3,"lost":20,"goalDifference":"-31","goals":"17:48","last5":"PPPPV","points":15}]}